--
-- PostgreSQL database dump
--

-- Dumped from database version 15.12 (Debian 15.12-1.pgdg120+1)
-- Dumped by pg_dump version 15.12 (Debian 15.12-1.pgdg120+1)

SET statement_timeout = 0;
SET lock_timeout = 0;
SET idle_in_transaction_session_timeout = 0;
SET client_encoding = 'UTF8';
SET standard_conforming_strings = on;
SELECT pg_catalog.set_config('search_path', '', false);
SET check_function_bodies = false;
SET xmloption = content;
SET client_min_messages = warning;
SET row_security = off;

SET default_tablespace = '';

SET default_table_access_method = heap;

--
-- Name: brand; Type: TABLE; Schema: public; Owner: loja-suplementos-admin
--

CREATE TABLE public.brand (
    id bigint NOT NULL,
    name character varying(255),
    short_name character varying(255)
);


ALTER TABLE public.brand OWNER TO "loja-suplementos-admin";

--
-- Name: brand_id_seq; Type: SEQUENCE; Schema: public; Owner: loja-suplementos-admin
--

ALTER TABLE public.brand ALTER COLUMN id ADD GENERATED BY DEFAULT AS IDENTITY (
    SEQUENCE NAME public.brand_id_seq
    START WITH 1
    INCREMENT BY 1
    NO MINVALUE
    NO MAXVALUE
    CACHE 1
);


--
-- Name: customer; Type: TABLE; Schema: public; Owner: loja-suplementos-admin
--

CREATE TABLE public.customer (
    id bigint NOT NULL,
    birth_date timestamp(6) without time zone,
    cpf character varying(255),
    email character varying(255),
    last_name character varying(255),
    name character varying(255),
    phone character varying(255)
);


ALTER TABLE public.customer OWNER TO "loja-suplementos-admin";

--
-- Name: customer_id_seq; Type: SEQUENCE; Schema: public; Owner: loja-suplementos-admin
--

ALTER TABLE public.customer ALTER COLUMN id ADD GENERATED BY DEFAULT AS IDENTITY (
    SEQUENCE NAME public.customer_id_seq
    START WITH 1
    INCREMENT BY 1
    NO MINVALUE
    NO MAXVALUE
    CACHE 1
);


--
-- Name: delivery_address; Type: TABLE; Schema: public; Owner: loja-suplementos-admin
--

CREATE TABLE public.delivery_address (
    id bigint NOT NULL,
    city character varying(255),
    customer_id bigint,
    neighborhood character varying(255),
    number character varying(255),
    state character varying(255),
    street character varying(255),
    zip_code character varying(255)
);


ALTER TABLE public.delivery_address OWNER TO "loja-suplementos-admin";

--
-- Name: delivery_address_id_seq; Type: SEQUENCE; Schema: public; Owner: loja-suplementos-admin
--

ALTER TABLE public.delivery_address ALTER COLUMN id ADD GENERATED BY DEFAULT AS IDENTITY (
    SEQUENCE NAME public.delivery_address_id_seq
    START WITH 1
    INCREMENT BY 1
    NO MINVALUE
    NO MAXVALUE
    CACHE 1
);


--
-- Name: nutritional_table; Type: TABLE; Schema: public; Owner: loja-suplementos-admin
--

CREATE TABLE public.nutritional_table (
    id bigint NOT NULL,
    calories integer NOT NULL,
    carbs_per_serving double precision NOT NULL,
    description character varying(255),
    fat_per_serving double precision NOT NULL,
    protein_per_serving double precision NOT NULL,
    serving_size real NOT NULL
);


ALTER TABLE public.nutritional_table OWNER TO "loja-suplementos-admin";

--
-- Name: nutritional_table_id_seq; Type: SEQUENCE; Schema: public; Owner: loja-suplementos-admin
--

ALTER TABLE public.nutritional_table ALTER COLUMN id ADD GENERATED BY DEFAULT AS IDENTITY (
    SEQUENCE NAME public.nutritional_table_id_seq
    START WITH 1
    INCREMENT BY 1
    NO MINVALUE
    NO MAXVALUE
    CACHE 1
);


--
-- Name: payment; Type: TABLE; Schema: public; Owner: loja-suplementos-admin
--

CREATE TABLE public.payment (
    id bigint NOT NULL,
    amount numeric(38,2),
    payment_method character varying(255),
    status character varying(255),
    transaction_date date,
    CONSTRAINT payment_payment_method_check CHECK (((payment_method)::text = ANY ((ARRAY['BOLETO'::character varying, 'CREDIT_CARD'::character varying, 'DEBIT_CARD'::character varying, 'PIX'::character varying])::text[]))),
    CONSTRAINT payment_status_check CHECK (((status)::text = ANY ((ARRAY['PENDING'::character varying, 'APPROVED'::character varying, 'REJECTED'::character varying, 'CANCELED'::character varying])::text[])))
);


ALTER TABLE public.payment OWNER TO "loja-suplementos-admin";

--
-- Name: payment_id_seq; Type: SEQUENCE; Schema: public; Owner: loja-suplementos-admin
--

ALTER TABLE public.payment ALTER COLUMN id ADD GENERATED BY DEFAULT AS IDENTITY (
    SEQUENCE NAME public.payment_id_seq
    START WITH 1
    INCREMENT BY 1
    NO MINVALUE
    NO MAXVALUE
    CACHE 1
);


--
-- Name: product; Type: TABLE; Schema: public; Owner: loja-suplementos-admin
--

CREATE TABLE public.product (
    id bigint NOT NULL,
    description character varying(255),
    name character varying(255),
    price numeric(38,2),
    quantity_in_stock integer NOT NULL,
    type smallint,
    brand_id bigint,
    table_id bigint,
    CONSTRAINT product_type_check CHECK (((type >= 0) AND (type <= 3)))
);


ALTER TABLE public.product OWNER TO "loja-suplementos-admin";

--
-- Name: product_id_seq; Type: SEQUENCE; Schema: public; Owner: loja-suplementos-admin
--

ALTER TABLE public.product ALTER COLUMN id ADD GENERATED BY DEFAULT AS IDENTITY (
    SEQUENCE NAME public.product_id_seq
    START WITH 1
    INCREMENT BY 1
    NO MINVALUE
    NO MAXVALUE
    CACHE 1
);


--
-- Name: sale; Type: TABLE; Schema: public; Owner: loja-suplementos-admin
--

CREATE TABLE public.sale (
    id bigint NOT NULL,
    date_created timestamp(6) without time zone,
    customer_id bigint,
    payment_id bigint,
    shipping_id bigint
);


ALTER TABLE public.sale OWNER TO "loja-suplementos-admin";

--
-- Name: sale_id_seq; Type: SEQUENCE; Schema: public; Owner: loja-suplementos-admin
--

ALTER TABLE public.sale ALTER COLUMN id ADD GENERATED BY DEFAULT AS IDENTITY (
    SEQUENCE NAME public.sale_id_seq
    START WITH 1
    INCREMENT BY 1
    NO MINVALUE
    NO MAXVALUE
    CACHE 1
);


--
-- Name: sale_item; Type: TABLE; Schema: public; Owner: loja-suplementos-admin
--

CREATE TABLE public.sale_item (
    id bigint NOT NULL,
    price numeric(38,2),
    quantity integer NOT NULL,
    sale_id bigint,
    product_id bigint
);


ALTER TABLE public.sale_item OWNER TO "loja-suplementos-admin";

--
-- Name: sale_item_id_seq; Type: SEQUENCE; Schema: public; Owner: loja-suplementos-admin
--

ALTER TABLE public.sale_item ALTER COLUMN id ADD GENERATED BY DEFAULT AS IDENTITY (
    SEQUENCE NAME public.sale_item_id_seq
    START WITH 1
    INCREMENT BY 1
    NO MINVALUE
    NO MAXVALUE
    CACHE 1
);


--
-- Name: shipping; Type: TABLE; Schema: public; Owner: loja-suplementos-admin
--

CREATE TABLE public.shipping (
    id bigint NOT NULL,
    status character varying(255),
    status_description character varying(255),
    tracking_number character varying(255),
    delivery_address_id bigint,
    CONSTRAINT shipping_status_check CHECK (((status)::text = ANY ((ARRAY['NOT_SHIPPED'::character varying, 'SHIPPED'::character varying, 'LAST_STEP'::character varying, 'DELIVERED'::character varying, 'NOT_DELIVERED'::character varying])::text[])))
);


ALTER TABLE public.shipping OWNER TO "loja-suplementos-admin";

--
-- Name: shipping_id_seq; Type: SEQUENCE; Schema: public; Owner: loja-suplementos-admin
--

ALTER TABLE public.shipping ALTER COLUMN id ADD GENERATED BY DEFAULT AS IDENTITY (
    SEQUENCE NAME public.shipping_id_seq
    START WITH 1
    INCREMENT BY 1
    NO MINVALUE
    NO MAXVALUE
    CACHE 1
);


--
-- Data for Name: brand; Type: TABLE DATA; Schema: public; Owner: loja-suplementos-admin
--

COPY public.brand (id, name, short_name) FROM stdin;
1	Growth Supplements	Growth
2	MAX Titanium	MAX
3	DUX Nutrition	DUX
4	Integralmédica	IM
5	Probiótica	PBK
\.


--
-- Data for Name: customer; Type: TABLE DATA; Schema: public; Owner: loja-suplementos-admin
--

COPY public.customer (id, birth_date, cpf, email, last_name, name, phone) FROM stdin;
1	1990-05-14 00:00:00	12345678900	ana.silva@example.com	Silva	Ana	11987654321
2	1988-11-02 00:00:00	23456789011	bruno.moura@example.com	Moura	Bruno	21988776655
3	1995-03-30 00:00:00	34567890122	carla.pereira@example.com	Pereira	Carla	31999887766
4	1992-07-21 00:00:00	45678901233	daniel.santos@example.com	Santos	Daniel	11981234567
5	1985-12-12 00:00:00	56789012344	elisa.costa@example.com	Costa	Elisa	51987654321
6	1998-09-09 00:00:00	67890123455	fabio.lima@example.com	Lima	Fábio	61998877665
7	1993-04-18 00:00:00	78901234566	gabriela.alves@example.com	Alves	Gabriela	71991234567
8	1991-06-25 00:00:00	89012345677	heitor.oliveira@example.com	Oliveira	Heitor	81998765432
9	1996-10-05 00:00:00	90123456788	isabela.rocha@example.com	Rocha	Isabela	31991234567
10	1987-01-17 00:00:00	01234567899	joao.barros@example.com	Barros	João	41999887766
11	2024-11-05 00:00:00	121.212.121-21	joao@dinos.com	Da Silva Sauro	João	(47) 94002-8922
\.


--
-- Data for Name: delivery_address; Type: TABLE DATA; Schema: public; Owner: loja-suplementos-admin
--

COPY public.delivery_address (id, city, customer_id, neighborhood, number, state, street, zip_code) FROM stdin;
1	São Paulo	1	Moema	123	SP	Avenida Ibirapuera	04567-001
3	Rio de Janeiro	2	Copacabana	789	RJ	Avenida Atlântica	22070-001
4	Rio de Janeiro	2	Botafogo	321	RJ	Rua Voluntários da Pátria	22270-010
5	Belo Horizonte	3	Savassi	111	MG	Rua Pernambuco	30130-150
6	Belo Horizonte	3	Funcionários	222	MG	Avenida Brasil	30140-002
7	Porto Alegre	4	Moinhos de Vento	333	RS	Rua Padre Chagas	90570-080
8	Porto Alegre	4	Centro Histórico	444	RS	Avenida Borges de Medeiros	90020-025
9	Recife	5	Boa Viagem	555	PE	Avenida Boa Viagem	51011-000
10	Recife	5	Pina	666	PE	Rua Francisco da Cunha	51020-040
11	Brasília	6	Asa Sul	777	DF	SQS 308	70350-530
12	Brasília	6	Lago Norte	888	DF	SHIN QI 5	71520-050
13	Salvador	7	Barra	999	BA	Avenida Oceânica	40140-130
14	Salvador	7	Pituba	101	BA	Rua Ceará	41830-020
15	Curitiba	8	Batel	202	PR	Avenida do Batel	80420-090
16	Curitiba	8	Centro	303	PR	Rua XV de Novembro	80020-310
17	Fortaleza	9	Meireles	404	CE	Avenida Beira Mar	60165-121
18	Fortaleza	9	Aldeota	505	CE	Rua Barbosa de Freitas	60170-020
19	Florianópolis	10	Centro	606	SC	Rua Felipe Schmidt	88010-001
20	Florianópolis	10	Trindade	707	SC	Rua Lauro Linhares	88036-001
21	Diagonal	11	Endireitado	690	Acre	Rua Torta	89000-123
2	São Paulo	1	Pinheiros	45671	SP	Rua dos Pinheiros	05422-000
\.


--
-- Data for Name: nutritional_table; Type: TABLE DATA; Schema: public; Owner: loja-suplementos-admin
--

COPY public.nutritional_table (id, calories, carbs_per_serving, description, fat_per_serving, protein_per_serving, serving_size) FROM stdin;
1	250	30.5	Whey 80% sabor Chocolate	8.2	20.4	100
2	130	3	Tasty Whey sabor Baunilha	5	22	30
3	400	45	Whey ISO sabor Morango	15	35	150
4	290	25	Whey Concentrado Cookies	10	25	90
5	310	20	Whey Blend Chocolate Branco	9	28	100
6	210	15	Vegan Protein sabor Frutas Vermelhas	7	20	80
7	360	40	Whey ISO sabor Baunilha	12	32	120
8	280	18	Whey com Creatina sabor Café	6	30	95
9	240	10	Whey Hidrolisado sabor Limão	3	35	75
10	180	5	Isolado sabor Pêssego	2.5	27	60
\.


--
-- Data for Name: payment; Type: TABLE DATA; Schema: public; Owner: loja-suplementos-admin
--

COPY public.payment (id, amount, payment_method, status, transaction_date) FROM stdin;
1	1247.82	PIX	PENDING	2025-04-26
2	141.64	PIX	PENDING	2025-04-26
3	445.53	CREDIT_CARD	PENDING	2025-04-21
4	977.82	PIX	PENDING	2025-04-20
5	855.60	PIX	PENDING	2025-04-20
6	123.55	CREDIT_CARD	PENDING	2025-04-12
7	794.34	PIX	PENDING	2025-05-02
8	185.36	CREDIT_CARD	PENDING	2025-05-03
9	296.85	DEBIT_CARD	PENDING	2025-04-24
10	788.05	DEBIT_CARD	PENDING	2025-04-23
11	645.78	CREDIT_CARD	PENDING	2025-04-24
12	476.73	PIX	PENDING	2025-04-06
13	752.83	DEBIT_CARD	PENDING	2025-04-26
14	567.01	DEBIT_CARD	PENDING	2025-04-11
15	1010.04	DEBIT_CARD	PENDING	2025-04-24
16	284.19	DEBIT_CARD	PENDING	2025-04-09
17	912.74	DEBIT_CARD	PENDING	2025-04-11
18	1081.17	DEBIT_CARD	PENDING	2025-04-14
19	1136.55	DEBIT_CARD	PENDING	2025-05-04
20	448.27	PIX	PENDING	2025-04-18
21	1074.35	PIX	PENDING	2025-04-29
22	860.06	DEBIT_CARD	PENDING	2025-04-13
23	1015.00	PIX	PENDING	2025-04-20
24	109.96	PIX	PENDING	2025-04-23
25	133.96	PIX	PENDING	2025-04-28
26	162.72	PIX	PENDING	2025-04-14
27	791.67	CREDIT_CARD	PENDING	2025-04-16
28	1029.05	DEBIT_CARD	PENDING	2025-04-14
29	680.47	PIX	PENDING	2025-04-08
30	968.62	PIX	PENDING	2025-04-05
31	736.61	DEBIT_CARD	PENDING	2025-05-04
32	1168.23	CREDIT_CARD	PENDING	2025-04-11
33	926.38	DEBIT_CARD	PENDING	2025-04-12
34	80.47	CREDIT_CARD	PENDING	2025-04-11
35	897.38	CREDIT_CARD	PENDING	2025-04-17
36	644.63	CREDIT_CARD	PENDING	2025-04-17
37	222.92	CREDIT_CARD	PENDING	2025-05-01
38	424.67	CREDIT_CARD	PENDING	2025-04-19
39	1053.91	CREDIT_CARD	PENDING	2025-05-01
40	839.37	DEBIT_CARD	PENDING	2025-04-06
41	580.88	CREDIT_CARD	PENDING	2025-04-20
42	159.00	CREDIT_CARD	PENDING	2025-04-16
43	333.72	CREDIT_CARD	PENDING	2025-04-24
44	647.79	CREDIT_CARD	PENDING	2025-05-03
45	1033.87	CREDIT_CARD	PENDING	2025-04-17
46	180.78	DEBIT_CARD	PENDING	2025-04-05
47	916.54	DEBIT_CARD	PENDING	2025-04-30
48	1167.72	PIX	PENDING	2025-04-07
49	1058.07	PIX	PENDING	2025-04-22
50	371.19	CREDIT_CARD	PENDING	2025-04-16
\.


--
-- Data for Name: product; Type: TABLE DATA; Schema: public; Owner: loja-suplementos-admin
--

COPY public.product (id, description, name, price, quantity_in_stock, type, brand_id, table_id) FROM stdin;
1	Whey 80% sabor Chocolate	Whey 80% Chocolate	79.90	120	0	2	1
2	Whey 80% sabor Baunilha	Whey 80% Baunilha	79.90	80	0	3	1
3	Whey 80% sabor Morango	Whey 80% Morango	79.90	60	0	5	1
4	Whey 80% sabor Cookies	Whey 80% Cookies	82.90	90	0	2	1
5	Whey 80% sabor Banana	Whey 80% Banana	78.50	50	0	3	1
6	Whey 80% sabor Coco	Whey 80% Coco	81.00	70	0	5	1
7	Whey 80% sabor Chocolate Branco	Whey 80% Chocolate Branco	83.90	45	0	2	1
8	Whey 80% sabor Avelã	Whey 80% Avelã	84.50	40	0	3	1
9	Whey 80% sabor Café	Whey 80% Café	82.00	30	0	5	1
10	Whey 80% sabor Uva	Whey 80% Uva	77.90	55	0	2	1
11	Whey ISO sabor Chocolate	Whey ISO Chocolate	129.90	100	0	3	7
12	Whey ISO sabor Baunilha	Whey ISO Baunilha	129.90	90	0	2	7
13	Whey ISO sabor Morango	Whey ISO Morango	129.90	80	0	5	7
14	Whey ISO sabor Frutas Vermelhas	Whey ISO Frutas Vermelhas	132.90	70	0	3	7
15	Whey ISO sabor Doce de Leite	Whey ISO Doce de Leite	131.50	65	0	2	7
16	Whey ISO sabor Abacaxi com Hortelã	Whey ISO Abacaxi com Hortelã	134.00	55	0	5	7
17	Whey ISO sabor Limão	Whey ISO Limão	127.90	50	0	3	7
18	Whey ISO sabor Pistache	Whey ISO Pistache	135.00	45	0	2	7
19	Whey ISO sabor Iogurte Grego	Whey ISO Iogurte Grego	130.00	35	0	5	7
20	Whey ISO sabor Pêssego	Whey ISO Pêssego	129.00	25	0	3	7
21	Simple Whey sabor Chocolate	Simple Whey Chocolate	89.90	70	0	2	9
22	Simple Whey sabor Baunilha	Simple Whey Baunilha	89.90	60	0	3	9
23	Simple Whey sabor Morango	Simple Whey Morango	89.90	50	0	5	9
24	Simple Whey sabor Maracujá	Simple Whey Maracujá	91.90	45	0	2	9
25	Simple Whey sabor Limão Siciliano	Simple Whey Limão Siciliano	92.50	40	0	3	9
26	Simple Whey sabor Chocolate Amargo	Simple Whey Chocolate Amargo	93.00	35	0	5	9
27	Simple Whey sabor Uva	Simple Whey Uva	90.00	30	0	2	9
28	Simple Whey sabor Framboesa	Simple Whey Framboesa	88.90	25	0	3	9
29	Simple Whey sabor Manga	Simple Whey Manga	87.50	20	0	5	9
30	Simple Whey sabor Laranja	Simple Whey Laranja	89.50	18	0	2	9
31	Tasty Whey sabor Chocolate	Tasty Whey Chocolate	64.90	60	0	3	10
32	Tasty Whey sabor Baunilha	Tasty Whey Baunilha	64.90	55	0	5	10
33	Tasty Whey sabor Morango	Tasty Whey Morango	64.90	50	0	2	10
34	Tasty Whey sabor Chocolate com Menta	Tasty Whey Chocolate com Menta	67.90	45	0	3	10
35	Tasty Whey sabor Torta de Limão	Tasty Whey Torta de Limão	66.50	40	0	2	10
36	Tasty Whey sabor Churros	Tasty Whey Churros	65.00	35	0	5	10
37	Tasty Whey sabor Coco	Tasty Whey Coco	64.00	30	0	3	10
38	Tasty Whey sabor Creme de Avelã	Tasty Whey Creme de Avelã	68.00	28	0	2	10
39	Tasty Whey sabor Paçoca	Tasty Whey Paçoca	67.00	26	0	5	10
40	Tasty Whey sabor Bolo de Cenoura	Tasty Whey Bolo de Cenoura	66.00	24	0	3	10
41	Whey 80% sabor Melancia	Whey 80% Melancia	80.00	22	0	2	1
42	Whey ISO sabor Chocolate Branco	Whey ISO Chocolate Branco	133.00	21	0	3	7
43	Simple Whey sabor Pêssego	Simple Whey Pêssego	88.00	19	0	5	9
44	Tasty Whey sabor Frutas Tropicais	Tasty Whey Frutas Tropicais	65.50	17	0	2	10
45	Whey ISO sabor Banana com Canela	Whey ISO Banana com Canela	132.50	16	0	5	7
46	Tasty Whey sabor Pistache	Tasty Whey Pistache	66.80	14	0	3	10
47	Simple Whey sabor Chocolate com Laranja	Simple Whey Chocolate com Laranja	90.00	12	0	2	9
48	Whey 80% sabor Frutas Silvestres	Whey 80% Frutas Silvestres	82.00	10	0	3	1
49	Tasty Whey sabor Uva	Tasty Whey Uva	65.90	8	0	5	10
50	Whey ISO sabor Manga com Laranja	Whey ISO Manga com Laranja	134.90	5	0	2	7
\.


--
-- Data for Name: sale; Type: TABLE DATA; Schema: public; Owner: loja-suplementos-admin
--

COPY public.sale (id, date_created, customer_id, payment_id, shipping_id) FROM stdin;
1	2025-04-26 00:00:00	6	1	1
2	2025-04-26 00:00:00	1	2	2
3	2025-04-21 00:00:00	4	3	3
4	2025-04-20 00:00:00	1	4	4
5	2025-04-20 00:00:00	6	5	5
6	2025-04-12 00:00:00	2	6	6
7	2025-05-02 00:00:00	5	7	7
8	2025-05-03 00:00:00	10	8	8
9	2025-04-24 00:00:00	3	9	9
10	2025-04-23 00:00:00	6	10	10
11	2025-04-24 00:00:00	3	11	11
12	2025-04-06 00:00:00	7	12	12
13	2025-04-26 00:00:00	5	13	13
14	2025-04-11 00:00:00	10	14	14
15	2025-04-24 00:00:00	10	15	15
16	2025-04-09 00:00:00	5	16	16
17	2025-04-11 00:00:00	2	17	17
18	2025-04-14 00:00:00	9	18	18
19	2025-05-04 00:00:00	8	19	19
20	2025-04-18 00:00:00	3	20	20
21	2025-04-29 00:00:00	5	21	21
22	2025-04-13 00:00:00	7	22	22
23	2025-04-20 00:00:00	7	23	23
24	2025-04-23 00:00:00	6	24	24
25	2025-04-28 00:00:00	7	25	25
26	2025-04-14 00:00:00	5	26	26
27	2025-04-16 00:00:00	1	27	27
28	2025-04-14 00:00:00	9	28	28
29	2025-04-08 00:00:00	2	29	29
30	2025-04-05 00:00:00	5	30	30
31	2025-05-04 00:00:00	4	31	31
32	2025-04-11 00:00:00	6	32	32
33	2025-04-12 00:00:00	1	33	33
34	2025-04-11 00:00:00	3	34	34
35	2025-04-17 00:00:00	10	35	35
36	2025-04-17 00:00:00	5	36	36
37	2025-05-01 00:00:00	1	37	37
38	2025-04-19 00:00:00	4	38	38
39	2025-05-01 00:00:00	5	39	39
40	2025-04-06 00:00:00	5	40	40
41	2025-04-20 00:00:00	9	41	41
42	2025-04-16 00:00:00	4	42	42
43	2025-04-24 00:00:00	10	43	43
44	2025-05-03 00:00:00	5	44	44
45	2025-04-17 00:00:00	3	45	45
46	2025-04-05 00:00:00	6	46	46
47	2025-04-30 00:00:00	1	47	47
48	2025-04-07 00:00:00	2	48	48
49	2025-04-22 00:00:00	3	49	49
50	2025-04-16 00:00:00	7	50	50
\.


--
-- Data for Name: sale_item; Type: TABLE DATA; Schema: public; Owner: loja-suplementos-admin
--

COPY public.sale_item (id, price, quantity, sale_id, product_id) FROM stdin;
1	61.64	3	1	18
2	139.04	3	1	42
3	135.44	1	1	25
4	123.72	3	1	31
5	69.59	2	1	11
6	70.82	2	2	26
7	73.59	3	3	31
8	74.92	3	3	18
9	138.40	2	4	15
10	114.91	3	4	28
11	121.66	1	4	33
12	78.21	3	4	13
13	117.09	2	5	33
14	77.16	3	5	22
15	89.85	2	5	42
16	109.80	1	5	3
17	100.44	1	5	36
18	123.55	1	6	20
19	72.03	2	7	26
20	96.36	3	7	13
21	120.40	3	7	11
22	125.11	1	8	7
23	60.25	1	8	36
24	98.95	3	9	20
25	81.31	3	10	29
26	67.11	1	10	36
27	100.57	3	10	38
28	87.65	2	10	27
29	139.05	2	11	31
30	122.56	3	11	36
31	123.43	3	12	20
32	106.44	1	12	30
33	77.93	3	13	11
34	116.90	3	13	27
35	68.02	1	13	5
36	100.32	1	13	14
37	68.13	1	14	8
38	71.57	1	14	48
39	75.75	3	14	35
40	100.03	2	14	6
41	136.19	1	15	36
42	123.24	3	15	24
43	139.31	3	15	5
44	86.20	1	15	34
45	94.73	3	16	30
46	116.34	2	17	19
47	139.72	3	17	24
48	120.92	1	17	2
49	139.98	1	17	10
50	108.84	3	18	11
51	80.53	3	18	14
52	102.68	3	18	9
53	102.51	2	18	17
54	108.00	3	19	1
55	74.14	2	19	17
56	90.98	2	19	40
57	79.80	3	19	29
58	80.97	3	19	34
59	70.29	1	20	40
60	82.44	1	20	30
61	111.00	2	20	6
62	73.54	1	20	35
63	132.78	3	21	14
64	91.42	3	21	41
65	78.33	1	21	34
66	77.98	2	21	18
67	83.73	2	21	11
68	116.87	2	22	19
69	132.73	1	22	14
70	77.06	1	22	1
71	108.98	2	22	17
72	66.19	3	22	2
73	64.42	3	23	12
74	110.00	3	23	21
75	78.54	1	23	19
76	113.99	3	23	20
77	71.23	1	23	29
78	109.96	1	24	30
79	61.13	1	25	3
80	72.83	1	25	15
81	83.51	1	26	9
82	79.21	1	26	34
83	78.14	2	27	40
84	109.92	1	27	15
85	94.51	2	27	27
86	112.15	3	27	42
87	114.09	1	28	29
88	99.03	3	28	25
89	106.58	2	28	16
90	81.53	2	28	23
91	80.55	3	28	42
92	127.81	2	29	6
93	95.00	1	29	25
94	72.66	1	29	46
95	85.73	3	29	35
96	105.38	3	30	45
97	105.98	3	30	43
98	101.12	1	30	27
99	100.34	1	30	8
100	133.08	1	30	46
101	87.26	1	31	7
102	103.01	2	31	30
103	82.73	3	31	16
104	97.57	2	31	19
105	115.50	2	32	46
106	127.99	3	32	21
107	78.83	2	32	31
108	95.15	1	32	42
109	100.15	3	32	48
110	101.62	2	33	27
111	135.26	3	33	7
112	111.18	2	33	39
113	95.00	1	33	33
114	80.47	1	34	3
115	109.85	3	35	11
116	61.15	2	35	49
117	74.83	1	35	24
118	77.25	3	35	20
119	138.95	1	35	9
120	112.99	2	36	22
121	74.43	2	36	23
122	89.93	3	36	28
123	132.82	1	37	44
124	90.10	1	37	30
125	81.85	2	38	5
126	73.83	1	38	17
127	93.57	2	38	41
128	74.51	2	39	9
129	139.96	2	39	7
130	121.21	2	39	37
131	61.43	3	39	43
132	99.13	2	39	29
133	128.17	3	40	24
134	83.37	1	40	9
135	99.89	3	40	14
136	71.82	1	40	40
137	87.71	2	41	28
138	94.19	3	41	49
139	122.89	1	41	45
140	79.50	2	42	38
141	78.32	1	43	2
142	127.70	2	43	43
143	83.85	2	44	10
144	70.33	3	44	38
145	134.55	2	44	49
146	120.54	2	45	15
147	81.37	3	45	4
148	119.08	2	45	26
149	90.44	2	45	28
150	64.82	2	45	1
151	60.26	3	46	45
152	85.68	3	47	27
153	95.82	3	47	43
154	129.74	1	47	47
155	121.15	2	47	37
156	131.83	3	48	43
157	71.47	3	48	14
158	125.00	2	48	25
159	64.18	2	48	23
160	89.73	2	48	34
161	120.03	3	49	22
162	109.58	1	49	48
163	66.77	1	49	29
164	125.43	3	49	30
165	72.67	2	49	34
166	123.73	3	50	46
\.


--
-- Data for Name: shipping; Type: TABLE DATA; Schema: public; Owner: loja-suplementos-admin
--

COPY public.shipping (id, status, status_description, tracking_number, delivery_address_id) FROM stdin;
1	NOT_SHIPPED	Aguardando envio	TRK100000	1
2	NOT_SHIPPED	Aguardando envio	TRK100001	2
3	NOT_SHIPPED	Aguardando envio	TRK100002	3
4	NOT_SHIPPED	Aguardando envio	TRK100003	4
5	NOT_SHIPPED	Aguardando envio	TRK100004	5
6	NOT_SHIPPED	Aguardando envio	TRK100005	6
7	NOT_SHIPPED	Aguardando envio	TRK100006	7
8	NOT_SHIPPED	Aguardando envio	TRK100007	8
9	NOT_SHIPPED	Aguardando envio	TRK100008	9
10	NOT_SHIPPED	Aguardando envio	TRK100009	10
11	NOT_SHIPPED	Aguardando envio	TRK100010	10
12	NOT_SHIPPED	Aguardando envio	TRK100011	1
13	NOT_SHIPPED	Aguardando envio	TRK100012	11
14	NOT_SHIPPED	Aguardando envio	TRK100013	12
15	NOT_SHIPPED	Aguardando envio	TRK100014	2
16	NOT_SHIPPED	Aguardando envio	TRK100015	2
17	NOT_SHIPPED	Aguardando envio	TRK100016	13
18	NOT_SHIPPED	Aguardando envio	TRK100017	14
19	NOT_SHIPPED	Aguardando envio	TRK100018	15
20	NOT_SHIPPED	Aguardando envio	TRK100019	16
21	NOT_SHIPPED	Aguardando envio	TRK100020	17
22	NOT_SHIPPED	Aguardando envio	TRK100021	18
23	NOT_SHIPPED	Aguardando envio	TRK100022	19
24	NOT_SHIPPED	Aguardando envio	TRK100023	1
25	NOT_SHIPPED	Aguardando envio	TRK100024	2
26	NOT_SHIPPED	Aguardando envio	TRK100025	3
27	NOT_SHIPPED	Aguardando envio	TRK100026	4
28	NOT_SHIPPED	Aguardando envio	TRK100027	13
29	NOT_SHIPPED	Aguardando envio	TRK100028	1
30	NOT_SHIPPED	Aguardando envio	TRK100029	2
31	NOT_SHIPPED	Aguardando envio	TRK100030	3
32	NOT_SHIPPED	Aguardando envio	TRK100031	2
33	NOT_SHIPPED	Aguardando envio	TRK100032	7
34	NOT_SHIPPED	Aguardando envio	TRK100033	8
35	NOT_SHIPPED	Aguardando envio	TRK100034	8
36	NOT_SHIPPED	Aguardando envio	TRK100035	9
37	NOT_SHIPPED	Aguardando envio	TRK100036	8
38	NOT_SHIPPED	Aguardando envio	TRK100037	9
39	NOT_SHIPPED	Aguardando envio	TRK100038	7
40	NOT_SHIPPED	Aguardando envio	TRK100039	6
41	NOT_SHIPPED	Aguardando envio	TRK100040	5
42	NOT_SHIPPED	Aguardando envio	TRK100041	12
43	NOT_SHIPPED	Aguardando envio	TRK100042	13
44	NOT_SHIPPED	Aguardando envio	TRK100043	14
45	NOT_SHIPPED	Aguardando envio	TRK100044	15
46	NOT_SHIPPED	Aguardando envio	TRK100045	16
47	NOT_SHIPPED	Aguardando envio	TRK100046	12
48	NOT_SHIPPED	Aguardando envio	TRK100047	11
49	NOT_SHIPPED	Aguardando envio	TRK100048	10
50	NOT_SHIPPED	Aguardando envio	TRK100049	9
\.


--
-- Name: brand_id_seq; Type: SEQUENCE SET; Schema: public; Owner: loja-suplementos-admin
--

SELECT pg_catalog.setval('public.brand_id_seq', 5, true);


--
-- Name: customer_id_seq; Type: SEQUENCE SET; Schema: public; Owner: loja-suplementos-admin
--

SELECT pg_catalog.setval('public.customer_id_seq', 11, true);


--
-- Name: delivery_address_id_seq; Type: SEQUENCE SET; Schema: public; Owner: loja-suplementos-admin
--

SELECT pg_catalog.setval('public.delivery_address_id_seq', 21, true);


--
-- Name: nutritional_table_id_seq; Type: SEQUENCE SET; Schema: public; Owner: loja-suplementos-admin
--

SELECT pg_catalog.setval('public.nutritional_table_id_seq', 10, true);


--
-- Name: payment_id_seq; Type: SEQUENCE SET; Schema: public; Owner: loja-suplementos-admin
--

SELECT pg_catalog.setval('public.payment_id_seq', 50, true);


--
-- Name: product_id_seq; Type: SEQUENCE SET; Schema: public; Owner: loja-suplementos-admin
--

SELECT pg_catalog.setval('public.product_id_seq', 50, true);


--
-- Name: sale_id_seq; Type: SEQUENCE SET; Schema: public; Owner: loja-suplementos-admin
--

SELECT pg_catalog.setval('public.sale_id_seq', 50, true);


--
-- Name: sale_item_id_seq; Type: SEQUENCE SET; Schema: public; Owner: loja-suplementos-admin
--

SELECT pg_catalog.setval('public.sale_item_id_seq', 166, true);


--
-- Name: shipping_id_seq; Type: SEQUENCE SET; Schema: public; Owner: loja-suplementos-admin
--

SELECT pg_catalog.setval('public.shipping_id_seq', 50, true);


--
-- Name: brand brand_pkey; Type: CONSTRAINT; Schema: public; Owner: loja-suplementos-admin
--

ALTER TABLE ONLY public.brand
    ADD CONSTRAINT brand_pkey PRIMARY KEY (id);


--
-- Name: customer customer_pkey; Type: CONSTRAINT; Schema: public; Owner: loja-suplementos-admin
--

ALTER TABLE ONLY public.customer
    ADD CONSTRAINT customer_pkey PRIMARY KEY (id);


--
-- Name: delivery_address delivery_address_pkey; Type: CONSTRAINT; Schema: public; Owner: loja-suplementos-admin
--

ALTER TABLE ONLY public.delivery_address
    ADD CONSTRAINT delivery_address_pkey PRIMARY KEY (id);


--
-- Name: nutritional_table nutritional_table_pkey; Type: CONSTRAINT; Schema: public; Owner: loja-suplementos-admin
--

ALTER TABLE ONLY public.nutritional_table
    ADD CONSTRAINT nutritional_table_pkey PRIMARY KEY (id);


--
-- Name: payment payment_pkey; Type: CONSTRAINT; Schema: public; Owner: loja-suplementos-admin
--

ALTER TABLE ONLY public.payment
    ADD CONSTRAINT payment_pkey PRIMARY KEY (id);


--
-- Name: product product_pkey; Type: CONSTRAINT; Schema: public; Owner: loja-suplementos-admin
--

ALTER TABLE ONLY public.product
    ADD CONSTRAINT product_pkey PRIMARY KEY (id);


--
-- Name: sale_item sale_item_pkey; Type: CONSTRAINT; Schema: public; Owner: loja-suplementos-admin
--

ALTER TABLE ONLY public.sale_item
    ADD CONSTRAINT sale_item_pkey PRIMARY KEY (id);


--
-- Name: sale sale_pkey; Type: CONSTRAINT; Schema: public; Owner: loja-suplementos-admin
--

ALTER TABLE ONLY public.sale
    ADD CONSTRAINT sale_pkey PRIMARY KEY (id);


--
-- Name: shipping shipping_pkey; Type: CONSTRAINT; Schema: public; Owner: loja-suplementos-admin
--

ALTER TABLE ONLY public.shipping
    ADD CONSTRAINT shipping_pkey PRIMARY KEY (id);


--
-- Name: sale uk452aoqutaojm7eytj21oc9jcu; Type: CONSTRAINT; Schema: public; Owner: loja-suplementos-admin
--

ALTER TABLE ONLY public.sale
    ADD CONSTRAINT uk452aoqutaojm7eytj21oc9jcu UNIQUE (shipping_id);


--
-- Name: sale ukpqvxonj421pcg4gvpcikmq5jv; Type: CONSTRAINT; Schema: public; Owner: loja-suplementos-admin
--

ALTER TABLE ONLY public.sale
    ADD CONSTRAINT ukpqvxonj421pcg4gvpcikmq5jv UNIQUE (payment_id);


--
-- Name: shipping fk83vva35xq8fca2h1hg8qd0ggu; Type: FK CONSTRAINT; Schema: public; Owner: loja-suplementos-admin
--

ALTER TABLE ONLY public.shipping
    ADD CONSTRAINT fk83vva35xq8fca2h1hg8qd0ggu FOREIGN KEY (delivery_address_id) REFERENCES public.delivery_address(id);


--
-- Name: sale fk9y4bajlx6bjctrpk4hcw44rcu; Type: FK CONSTRAINT; Schema: public; Owner: loja-suplementos-admin
--

ALTER TABLE ONLY public.sale
    ADD CONSTRAINT fk9y4bajlx6bjctrpk4hcw44rcu FOREIGN KEY (shipping_id) REFERENCES public.shipping(id);


--
-- Name: sale_item fkar9qqr4n69xw1shum20oflleo; Type: FK CONSTRAINT; Schema: public; Owner: loja-suplementos-admin
--

ALTER TABLE ONLY public.sale_item
    ADD CONSTRAINT fkar9qqr4n69xw1shum20oflleo FOREIGN KEY (sale_id) REFERENCES public.sale(id);


--
-- Name: product fkd5c1ec0q33ea63gjra4un6htq; Type: FK CONSTRAINT; Schema: public; Owner: loja-suplementos-admin
--

ALTER TABLE ONLY public.product
    ADD CONSTRAINT fkd5c1ec0q33ea63gjra4un6htq FOREIGN KEY (table_id) REFERENCES public.nutritional_table(id);


--
-- Name: sale fkfm3ftuok68089dcew8004145l; Type: FK CONSTRAINT; Schema: public; Owner: loja-suplementos-admin
--

ALTER TABLE ONLY public.sale
    ADD CONSTRAINT fkfm3ftuok68089dcew8004145l FOREIGN KEY (payment_id) REFERENCES public.payment(id);


--
-- Name: sale_item fkih76x9f1o1asbp51c70hin53n; Type: FK CONSTRAINT; Schema: public; Owner: loja-suplementos-admin
--

ALTER TABLE ONLY public.sale_item
    ADD CONSTRAINT fkih76x9f1o1asbp51c70hin53n FOREIGN KEY (product_id) REFERENCES public.product(id);


--
-- Name: sale fkjw88ojfoqquyd9f1obip1ar0g; Type: FK CONSTRAINT; Schema: public; Owner: loja-suplementos-admin
--

ALTER TABLE ONLY public.sale
    ADD CONSTRAINT fkjw88ojfoqquyd9f1obip1ar0g FOREIGN KEY (customer_id) REFERENCES public.customer(id);


--
-- Name: delivery_address fks3kmll53uwp869rxqwtvkmcda; Type: FK CONSTRAINT; Schema: public; Owner: loja-suplementos-admin
--

ALTER TABLE ONLY public.delivery_address
    ADD CONSTRAINT fks3kmll53uwp869rxqwtvkmcda FOREIGN KEY (customer_id) REFERENCES public.customer(id);


--
-- Name: product fks6cydsualtsrprvlf2bb3lcam; Type: FK CONSTRAINT; Schema: public; Owner: loja-suplementos-admin
--

ALTER TABLE ONLY public.product
    ADD CONSTRAINT fks6cydsualtsrprvlf2bb3lcam FOREIGN KEY (brand_id) REFERENCES public.brand(id);


--
-- PostgreSQL database dump complete
--

